{
  "$schema": "./node_modules/nx/schemas/nx-schema.json",
  "npmScope": "my-talks",
  "affected": {
    "defaultBase": "main"
  },
  "implicitDependencies": {
    "package.json": {
      "dependencies": "*",
      "devDependencies": "*"
    },
    ".eslintrc.json": "*"
  },
  "tasksRunnerOptions": {
    "default": {
      "runner": "nx-cloud",
      "options": {
        "cacheableOperations": ["build", "lint", "test", "e2e"],
        "accessToken": "MjMxNTg5MGItMmRkYi00MThhLTg1MDUtN2VjZmI4ODU5MTA0fHJlYWQtd3JpdGU="
      }
    }
  },
  "generators": {
    "@nx/angular:application": {
      "style": "scss",
      "linter": "eslint",
      "unitTestRunner": "jest",
      "e2eTestRunner": "cypress"
    },
    "@nx/angular:library": {
      "linter": "eslint",
      "unitTestRunner": "jest"
    },
    "@nx/angular:component": {
      "style": "scss"
    }
  },
  "defaultProject": "ng-meta",
  "targetDefaults": {
    "build": {
      "dependsOn": ["^build"]
    },
    "lint": {
      "inputs": ["default", "{workspaceRoot}/.eslintrc.json"]
    },
    "test": {
      "inputs": ["default", "^default"]
    }
  }
}
